Time (s),X-Axis (m/s2),Y- Axis (m/s2),Z-Axis (m/s2)
0.0,0.46958148701320623,-0.4187465356372668,-0.0828915985412575,
0.007165468,0.42163381754025253,0.017429252737134804,0.17885273679199365,
0.01686901,-0.06108810282814958,0.9026710671372177,-0.22466683400390508,
0.027137864,-0.21742230873957036,0.6914911017566492,-0.33296298990820183,
0.036910208,-0.46507277664863866,-0.5194094859958037,0.3312225340988295,
0.047212031,-0.2341522421624167,-0.8445684976101195,-0.1027709961584371,
0.056922031,0.1957504871538558,-0.016770535049460467,0.2702093505341878,
0.066857656,0.49370404267718615,-0.07470800347139211,0.15487597652110097,
0.077117604,0.333671730235499,-0.442838635977187,-0.09061948245499352,
0.086944166,0.1749999375941611,0.2586447024853402,0.2033161816141309,
0.097033489,-0.39630118594151664,1.0496747513223788,-0.28171045802900707,
0.107090364,-0.3170409487532133,0.426021744379131,-0.4092436410814084,
0.116974687,-0.5907364119566723,-0.7011391484191196,0.5153640287852639,
0.128507135,-0.16613132393179297,-0.5149426908056082,-0.27723819591710175,
0.137655625,0.23484434576179236,-0.044204747737259964,-0.06856179696805675,
0.147434635,0.47901050163384795,-0.17326982503001798,0.11370219816774174,
0.160773229,0.3525624586190901,-0.32249056247762764,0.09096175853419375,
0.167011718,0.1901127110358971,0.40089187266117793,0.10341515878048035,
0.177472864,-0.4148568145086846,1.1634724993839778,-0.23904826848342786,
0.186936041,-0.48511440210743606,0.17995634351848905,-0.20656149076330443,
0.197373489,-0.34212279838882975,-0.7294397439584784,0.5396031023112311,
0.212250885,-0.08982353625745043,-0.39967704502945367,-0.24252406111976477,
0.217370781,0.4644423070108854,-0.013283830390018014,-0.48515465538995173,
0.227378437,0.5094599201326342,-0.271116194332156,0.25543782964311745,
0.236894218,0.3769221841529822,-0.35479898230593476,0.06644437992543217,
0.246871718,0.132985920845335,0.5435969036709383,0.26767576761222145,
0.2594825,-0.46055824666113443,1.0937618336591017,-0.5060353197481131,
0.268617343,-0.6136128513724866,-0.059686873633631704,-0.03707846942153736,
0.277160989,-0.2916927503515292,-0.7679253373773643,0.2767947439940208,
0.288940208,-0.049479497827610075,-0.23126803670181828,0.11417566335927987,
0.299425468,0.5580092323958712,0.014183149068721201,-0.23043986482038825,
0.312608906,0.4157616339635719,-0.2797884104020054,0.0761369997452519,
0.319085104,0.25599473655318183,-0.177862052708201,0.014940971866513664,
0.327012604,-0.14763064432068695,0.7464380227809491,0.16518153725883522,
0.337898229,-0.4398852924340886,0.9189311475185825,-0.32754181242925995,
0.347124427,-0.5817515643305717,-0.33745744938625705,0.07507058448041981,
0.357048177,-0.25088079705771915,-0.7602985152798797,0.13667084746714941,
0.367006197,0.3509194697146645,-0.14855205608987054,0.1859510578565331,
0.380279322,0.5718705054287141,-0.13416452084845892,-0.11172804531633673,
0.386937916,0.3962049004367212,-0.3524978707223463,0.04852344753599347,
0.397371822,0.25567222570826353,-0.021509166557735493,0.06946450998191978,
0.407563958,-0.2245031282468657,0.8868432553615997,-0.08233427580352704,
0.417237812,-0.39412295700423083,0.6941516806290015,-0.26506480833813484,
0.428990677,-0.4991730680569981,-0.37937499605771197,0.30892593653261713,
0.437365208,-0.307401103218792,-0.8091553332261745,-0.16657690214109344,
0.449744427,0.458932079918863,0.1341431234794852,-0.7155315717617032,
0.458420885,0.4590831105293287,-0.01526862823820141,0.39291669205352875,
0.467062499,0.260006165852662,-0.3339956080425265,-0.0687385457712395,
0.477121562,0.11606758145532292,0.20781312183471662,0.23614380693769554,
0.486827604,-0.504738670126269,1.223530012734192,-0.37803212852210955,
0.497013854,-0.35782221280389614,0.35058545141812747,-0.14919618011260916,
0.509051145,-0.5161011959938493,-0.654228003268269,0.4935580949724123,
0.516969687,0.01616004738582877,-0.7072570573845127,-0.26403795395371077,
0.527278072,0.4726146986752646,-0.029504486048906542,-0.5789793866004675,
0.53728177,0.4853520815110124,-0.1461867158609148,0.3489296804168909,
0.547116614,0.3423128465442593,-0.4234071783222768,0.2331751164038245,
0.557125416,0.18191302137603227,0.2895127684276888,0.24783159702930924,
0.567137135,-0.4827080701428266,1.196952331098047,-0.4912649042613175,
0.576961301,-0.2942292002548863,0.31400045397450704,0.036029366874149815,
0.587536406,-0.4958724425403349,-0.7141417293344325,0.41189539291338306,
0.596978645,-0.07491727242216051,-0.4180844806507736,0.007735918822893595,
0.606933072,0.4610444421025548,0.017958896726329332,-0.4841440591311379,
0.616967604,0.4301272483231571,-0.2614449362993565,0.33286068653297995,
0.626965051,0.23684147608772488,-0.25512462465288854,0.02112253360138361,
0.637018697,-0.4694111536940293,1.2668978722228796,-0.15165360886108026,
0.647760156,-0.29891444770497944,0.8909351469146564,-0.47374979748925483,
0.66016677,-0.5149436118444035,-0.17597957125764263,0.2032702120574239,
0.667144635,-0.2893717862955911,-0.8456366433418685,0.361813557341252,
0.679276614,0.4886785048014177,-0.17085390676791623,-0.26217345222270083,
0.686883124,0.49820293567707186,-0.09071444980092969,-0.17909300982503495,
0.697080468,0.44453116720620844,-0.4709667405429533,0.30108975839973695,
0.709617864,0.09513575606110924,0.46598562074160177,0.3021633106260406,
0.717501145,-0.41422390323827085,1.046995683292195,-0.2179563937354949,
0.727002187,-0.25476474270780414,0.6230760922270178,-0.34291675073058236,
0.737046822,-0.5409153517529133,-0.42091259080273635,0.2772908975112376,
0.74725276,-0.11095159979222302,-0.8883541323193132,0.09924971019649043,
0.760929687,0.3556026003236923,-0.09776767074650278,-0.548838909821324,
0.766944947,0.48367956332169815,-0.2620888152089576,0.06658454230895572,
0.776815937,0.35629789870423356,-0.4088686305973419,0.34440227740185136,
0.78732901,0.23906969103369935,-0.17386600166110106,0.061001558249605736,
0.799602187,-0.5289200856434995,1.193998648408668,-0.3955629196600814,
0.807678749,-0.2545843374051804,0.7406784643201962,-0.009992053257361633,
0.819098958,-0.5254481515342517,-0.5260282238746536,0.2831410009487989,
0.827108437,-0.22116094279722565,-0.8498635832806312,0.10392979294653948,
0.836995833,0.45130982837330347,0.009639267576544874,-0.5297719676447219,
0.848316145,0.5142768131991311,-0.17616328839237744,0.26571260776898775,
0.859506926,0.3501297559181915,-0.06431615546365782,0.2125700862151909,
0.868794426,-0.1336142281023609,0.7759831889866178,0.0781188131127788,
0.877041093,-0.36738046481831454,0.9119214808462767,-0.35122336381641794,
0.887444218,-0.3245502191752083,0.2392046527480052,0.040802467394131625,
0.897320937,-0.3669004025435356,-0.7280097185440886,0.43103674930592994,
0.908634218,0.41133264045906803,-0.35256439676825424,0.2528921435853686,
0.917131353,0.3597119596878111,-0.11349973862126847,-0.6710909787352204,
0.926976978,0.4716442702038621,-0.3206431689640314,0.3978234145215893,
0.936910103,0.2240864656626016,-0.5170036651913668,-0.0035216638905417597,
0.947086353,-0.4336464387370085,0.9654572408815747,-0.17136896685462055,
0.956945624,-0.39288587428672583,0.9562404474751572,-0.41290770400127386,
0.966818385,-0.31430869942938067,0.12143098283898197,0.02210074719937083,
0.976999531,-0.328061339426317,-0.8528744660290769,0.5233355049860595,
0.986854166,0.30449781642891716,-0.31455016791603496,0.18882526434041047,
0.996920572,0.42747295559674714,-0.2209943585378451,-0.6610529782249372,
1.007024218,0.49520731497788595,-0.3300244134889065,0.5744054506720033,
1.016938333,0.19696827355213298,-0.41724843360789765,-0.10742205059520948,
1.026875208,-0.4093723644956959,1.0912301017617532,-0.0706147644996058,
1.036916822,-0.40411236684680096,0.8729840814094026,-0.5315017298125753,
1.046946666,-0.3692585214071282,-0.09840304561294878,0.35626605389408184,
1.05940578,-0.2954068171257025,-0.9674501521018168,0.2390442151855776,
1.066880937,0.3919130335430905,-0.2529817662737387,-0.16119077531247505,
1.076912551,0.42079065403784166,-0.07980230983905934,-0.4047651507675578,
1.086969843,0.4898614737307616,-0.3856225294813549,0.488301069083219,
1.096957708,0.07010849737450187,0.44232360260128695,0.23741209550095022,
1.107284739,-0.48021443348467585,1.058711904179571,-0.11652784313048947,
1.11693953,-0.3382028234906216,0.6937405728431685,-0.5222635647875951,
1.127137239,-0.42379120929298564,-0.42567255789978165,0.3483337099375028,
1.136824166,0.13597666467620728,-0.41715249772821156,0.11011533220781544,
1.149991926,0.39991626139794834,-0.2724304227507456,-0.18772026475132542,
1.157241353,0.3812245130246086,-0.2639130138139998,-0.1808219637541857,
1.166863853,0.38159418103736265,-0.6248484915718298,0.31502947123297886,
1.176949843,-0.031828308124211446,0.5727235741436593,0.1447634451504456,
1.187554062,-0.48514940263340245,1.0557715946054549,-0.12935525950464388,
1.198441978,-0.2348905716062335,0.5228365940742565,-0.4099424900744175,
1.20768828,-0.5556618621922134,-0.6236872925048771,0.40754481775491946,
1.217140885,0.07644877028651242,-0.4223354064373734,0.12683846650862307,
1.227073853,0.4442312971129989,-0.16931652251470583,-0.3428933930528668,
1.238273905,0.4013536656200867,-0.3499736962603609,-0.10576231576065354,
1.247326301,0.336405808472632,-0.3259476326216921,0.11458753508678932,
1.258940676,-0.11394753873825181,0.6586153584869969,0.13763865599911895,
1.266825416,-0.458907435897828,0.8639958920599834,-0.3495761174370333,
1.277553541,-0.24454284553833094,0.4153846599675668,-0.034494115385173885,
1.28687427,-0.41015473083740317,-0.7249717157667913,0.32483085515279875,
1.296965832,0.2388231986674798,-0.44207134577322316,0.29051043607536364,
1.307119218,0.31364166211391553,-0.16978239800682315,-0.6409963447432254,
1.317359114,0.41946506080075174,-0.31970059701721387,0.39125336976205993,
1.328884999,0.28960342071091394,-0.1638231502288224,0.313002695809649,
1.338679582,-0.3199412754246771,0.7883149205594348,-0.16331549471946794,
1.349268541,-0.3938590948636673,0.8145266389011612,-0.3451734223869014,
1.357650051,-0.2997643045469398,0.2685490302371399,0.06096529651430771,
1.367045468,-0.07125971252793284,-0.9650233704147804,-0.10445652255417848,
1.376988853,0.32606451086144284,-0.45023796703800106,0.299506681370719,
1.387347916,0.30682033198627345,-0.2222843706320488,-0.5725078446006897,
1.397058489,0.4446538440191945,-0.37702509877767276,0.44604416987608886,
1.409761666,0.21781700069142995,0.09677510168007131,0.34151245992430823,
1.41728526,-0.39269338278425825,0.8895332948831807,-0.07921617952149163,
1.427138541,-0.4367378094073384,0.7882411111567886,-0.49241423390039607,
1.436891926,-0.3800359994789957,0.017677229974625286,0.09640140706913769,
1.447290937,-0.12015409712958314,-0.7979714057175654,0.1230897535849973,
1.457051822,0.30227187915668496,-0.39321087053047327,-0.07007983287418895,
1.466915937,0.34907773052871693,-0.2379542688578503,-0.31655352084036714,
1.476916301,0.35587656430578596,-0.3282694419264902,0.3749958613062212,
1.491342447,0.1161495203350098,0.27368564208029833,0.4072568208809155,
1.497444895,-0.45870449109283196,0.9084785882606438,-0.27178746932065856,
1.508627291,-0.3669635928742656,0.7421057942687934,-0.17146134752683828,
1.516961978,-0.32421662625253767,-1.1378020665502975,0.33784084019142036,
1.527329009,0.13902185585832139,-0.4658778207664831,0.117043912387512,
1.536896509,0.2950921871402703,-0.2041504301361357,-0.2894375324435057,
1.547105624,0.3893026048452728,-0.2246118956988744,-0.1549356460719924,
1.557254166,0.3114420838762182,-0.33291846705958783,0.27444702147248456,
1.566861353,0.03463321269423614,0.4538411125065046,0.08165173338892551,
1.576900989,-0.4779488139083319,1.0832487761593785,-0.13387600098417174,
1.586969634,-0.22913010062617722,0.6214327668839238,-0.4135590832580398,
1.59690453,-0.3212101550248676,-1.1117573375945455,0.09819402367677199,
1.607244166,0.03416680563708829,-0.2764902349666888,0.43098136640235474,
1.617046353,0.3184683741666532,-0.1445777365649648,-0.5286196004816315,
1.62700302,0.3926806784898167,-0.16163086486537515,0.15937436966352259,
1.637749426,0.2834987908387283,-0.2978564706856351,0.142822371707382,
1.646976509,-0.09498164893912486,0.6504424883990017,0.2061951532252806,
1.657722603,-0.4897033519882139,0.949394899532678,-0.325376671609229,
1.666935676,-0.23853382645751453,0.5449954652194041,-0.1377183294748825,
1.677061561,-0.26744144104882417,-1.096292751359633,0.10434636303142142,
1.687473957,0.1384732807241731,-0.26411851829504285,0.38993460995638785,
1.697374634,0.35594492630663344,-0.16532613902263096,-0.622748509544655,
1.708213593,0.36137032092811916,-0.622593443147121,0.22197712620216592,
1.717984634,0.30441913271905774,-0.09967957381548731,0.2541960808445456,
1.726873072,-0.23147423056791783,0.8243069057135404,0.03480522893344862,
1.738278124,-0.47631431411131664,0.9505804065440989,-0.46248861104269423,
1.747187811,-0.47298880251585995,-0.7105331513424797,0.3655079209802974,
1.758975884,-0.1332248356528245,-0.7676241471878754,-0.029374058723574237,
1.769342343,0.29181538370552373,-0.21570411320623295,0.26763539657582847,
1.777219634,0.32538956282379394,0.0266342878651894,-0.6133277484131661,
1.787921874,0.3522490014858417,-0.4690250777950067,0.1835451071776717,
1.797469478,0.2511534492355483,0.13043534566957327,0.39200210136713665,
1.808532811,-0.39666997590208886,1.0237217172781514,-0.1614074741797289,
1.817104999,-0.34798173267479604,0.9109147250493278,-0.38961563388479803,
1.826947082,-0.33967698541351865,-0.7882344198354158,0.48509780661286506,
1.840871718,-0.1338356091743207,-0.6459104118448952,-0.010316530100332955,
1.848902186,0.33729539281801424,-0.16430184822896793,0.08368403177910899,
1.858843541,0.5150026159817065,-0.2540246294468218,0.41937337288422505,
1.866864218,0.3047417702145645,-0.38709435832735495,-0.23144771282543175,
1.876916093,0.18250191226540147,0.37985458495428887,0.3971111168490289,
1.888307603,-0.4822370527987627,1.0700281969484546,-0.3565184124289793,
1.896947916,-0.3551437949184535,0.8866683571956046,-0.45376636568537165,
1.908729947,-0.391375263138132,-0.9455375409586042,0.2039340815239683,
1.917682811,0.08529494634984602,-0.4499722271333385,0.13250151326604964,
1.927116093,0.3746937627134217,-0.19142595522962003,-0.16981055696528458,
1.937669374,0.4529839606712258,-0.428952817864116,0.20125482591214805,
1.94689302,0.23980396998961728,-0.2971935786778895,-0.068839278918718,
1.957754686,0.06926007281176205,0.5437125748018291,0.32800047627908846,
1.968495728,-0.48089317313486757,1.078531470745394,-0.3351925450021209,
1.97701953,-0.5379433936409508,-0.17913139116796706,0.23750163416431924,
1.987083957,-0.3077716117328291,-0.848158123111986,0.052095423542393604,
1.999366197,0.12153211552096321,-0.1881939427187148,0.1336135946932906,
2.010286509,0.3423918987766339,-0.0126491511766198,-0.44473342234106994,
2.021106457,0.457788316842352,-0.34722290236982367,0.2877748160822229,
2.02766578,0.22832457894995573,-0.109226543102524,-0.06091479068890848,
2.039440416,-0.04718376259076784,0.7247319790571044,0.043205423308247504,
2.048160936,-0.344204815706159,0.8249518611311206,-0.5783514633553555,
2.057049582,-0.5971445341750348,-0.3360264509296983,0.5792751586614191,
2.067844947,-0.20190357365960776,-0.7897994684677577,-0.28740155886188035,
2.076922395,0.2675180498857903,-0.018923915823400472,0.3829945549124485,
2.08758953,0.4898265889564839,-0.0611078082721237,-0.061353379507540495,
2.097016197,0.4225070231183121,-0.462604279454613,0.16543756006584331,
2.108387134,0.2154224199472865,-0.00233406634017963,-0.0055558357363878486,
2.117953072,-0.22605722090252245,0.8562146599222411,-0.188319180307861,
2.126920051,-0.2881060039253871,0.6849717279377929,-0.42646787476386727,
2.137868957,-0.5216197327972922,-0.4326876338240821,0.5015846418392975,
2.146963332,-0.18745245585453318,-0.6985765883062139,-0.15035582168481199,
2.156860155,0.11052721302023105,-0.03788301060468796,0.17084998620683933,
2.166978957,0.45617107995597994,-0.06095216043687535,-0.06251739872984174,
2.177099686,0.3496139879882214,-0.35521958166676104,0.16450634468800196,
2.18759453,0.2030768105077645,0.2214797425721698,0.03966781989102586,
2.197074582,-0.29722530772782174,1.0505885591868251,-0.19810888373561752,
2.207264165,-0.3450404733856265,0.4727214901259495,-0.29639375371700893,
2.218059843,-0.4752299571386771,-0.6024878240735568,0.42176942695803277,
2.226927082,-0.180986387280766,-0.5586047345090897,-0.15291648968357308,
2.237492603,0.3455433982625453,-0.10978018233688602,-0.061041687840608816,
2.247692134,0.4449864497196554,-0.19508437307287796,0.012458153633762237,
2.258934686,0.371312035752287,-0.3552650768884782,0.086580902789823,
2.266879843,0.2817267526252669,0.22144334639479613,0.1918477300443584,
2.276868384,-0.37221123782288235,1.0658823182214887,-0.29088521928482614,
2.287417238,-0.3590605895319876,0.37769625822938224,-0.0028650357794237635,
2.297189582,-0.4098315748055217,-0.6631851216933192,0.33481124286083563,
2.307277603,-0.0367303301874351,-0.39264207051444544,-0.13054578110195614,
2.317101509,0.27707354148359675,-0.0842702783445397,-0.13508237683469027,
2.326992863,0.40553344027305904,-0.20532224951584177,0.29032887392287243,
2.337130259,0.23248949635907223,-0.2408722748629175,-0.15080880027576526,
2.349843592,0.155345749766701,0.48150938767020524,0.3083934871231371,
2.359064165,-0.42734741218004735,1.090060475610293,-0.48878402011594346,
2.366961457,-0.5257526321976513,0.029289397114592386,0.02269119821388621,
2.377099634,-0.3286647545313144,-0.8193275252866129,0.09476733845392182,
2.387627342,0.12014047725873755,-0.24174393970866048,0.06049099478657638,
2.396906092,0.4332159393936601,-0.11678067651668422,-0.5032315022664431,
2.407493801,0.4231873221326039,-0.29262211964352325,0.33291360800129866,
2.416902967,0.27725816306496975,-0.2647434953516594,-0.11674101301302287,
2.427203801,0.06857767531891912,0.6616099926896197,0.25903333705051956,
2.437074634,-0.40482461587889795,1.0502663018756948,-0.329074752478725,
2.447071613,-0.44644279588305014,-0.09448332290221509,0.19642724025334957,
2.457206301,-0.3571542367064402,-0.8264083202709298,0.003913032437054653,
2.46726927,0.11267176749519958,-0.09417967287934154,0.11039055778558193,
2.477287395,0.4578867235359545,-0.06002086232691073,-0.1262078174434098,
2.487492707,0.350986502852201,-0.3544744954950735,0.1135540097171468,
2.497159009,0.2194976983755108,-0.08438201796588296,0.014228827890905293,
2.507294842,-0.10021389498001132,0.7905762747798205,0.0267059382892878,
2.517316822,-0.29469157039074734,0.8316586220958901,-0.3463850357455236,
2.52689578,-0.46559658669589865,-0.39195259374784847,0.41242215328834675,
2.537128384,-0.24989416617678728,-0.773248831132312,-0.3595924592540882,
2.552893488,0.3210629270988534,-0.02100628193160642,-0.7626831226767088,
2.556837238,0.47137089145325284,-0.07809657713525098,0.32454969936839895,
2.566967655,0.2545135146152391,-0.44554954259198987,0.04511949582284558,
2.577012915,0.20361081169219108,0.14921574999012888,0.3272302402129643,
2.587533853,-0.5419643131401437,1.2685894426434703,-0.38177736178470667,
2.597150624,-0.20372812012881436,0.5551847979807432,-0.1981617575918282,
2.607596874,-0.4541174257600338,-0.5518400537662844,0.6229380316706781,
2.619603072,-0.13345051485729442,-0.7479298486465725,-0.1452103656790822,
2.627407082,0.3835720962013227,-7.51143626730677E-4,-0.529886706849906,
2.637919686,0.42944068477355835,-0.16915274137843533,0.3269123203110915,
2.647003072,0.2975839198891592,-0.3958113231228899,0.20023835234262322,
2.657135155,0.14612978468452065,0.25029790099723254,0.16019068187409857,
2.667272707,-0.5266575354725984,1.1962261891068071,-0.4694403805261107,
2.677039894,-0.20680557397134058,0.39003403947361703,0.007520357932627064,
2.693038436,-0.456579388834055,-0.745252236003809,0.49634831759610165,
2.697701978,-0.12009720933994927,-0.550233113189644,-0.09325337717311832,
2.707396509,0.4095776165917613,0.03482311771702262,-0.45767536409200993,
2.718250363,0.4502452918207722,-0.2019848600515406,0.3080670146345952,
2.728165311,0.2682587868623796,-0.4373999417216524,0.0319333480358015,
2.747117655,-0.41363145775374854,1.1670462464975562,-0.4954318677139362,
2.757186769,-0.3462280421795614,0.2900755803336497,0.20124743185424165,
2.767503019,-0.3229511570407684,-0.7332816699703697,0.3601953331787051,
2.776984634,0.3239089336813503,-0.09629282788913757,-0.09491563287109805,
2.787953124,0.33574162219532444,-0.061711362492889665,-0.4590051686503944,
2.797534113,0.39117649630362283,-0.34050399580943624,0.5215234346597626,
2.808260624,0.23632662642522262,-0.3183718722609523,-0.10375903547531529,
2.817299269,-0.4545000620800368,1.277591530358963,-0.22091387510876714,
2.82744328,-0.3176314217343421,0.945458796720642,-0.29931410789951407,
2.837261301,-0.42265696386452456,-0.17832929126347052,0.25088150786984187,
2.847113853,-0.2308652485208189,-0.8934851307227211,0.2313509582489992,
2.857097915,0.33628606122362803,-0.07122664599053036,-0.4125121594261909,
2.86715578,0.4375805800885215,-0.14891866801923093,-0.08484371191595308,
2.877276405,0.35006446407081726,-0.36430118845896386,0.4990722045395035,
2.897108592,-0.36350979196356104,1.1029421459277753,-0.2289809143469128,
2.908066874,-0.24483920564116124,0.7904163655154136,-0.1831847314775299,
2.917100884,-0.47168337050963305,-0.44026927498879215,0.38975363693711707,
2.927244686,-0.17814907029381466,-0.9038395273518736,0.005345390018444363,
2.93715703,0.3631361278286689,-0.07951016329385241,-0.36347347436219835,
2.949510884,0.44373775739599175,-0.18619128149872943,0.06164813091063159,
2.957132967,0.3856359578699182,-0.42476503119568765,0.35577602425975563,
2.966972134,-0.08988629519698543,0.7787589703742605,0.05477767975936665,
2.977757238,-0.33239821386144586,1.02140233315976,-0.24731326268664766,
2.992522394,-0.21994994315946914,0.5872785361445072,-0.18252773417275492,
2.997151717,-0.3291888096606319,-0.6793940137357615,0.4668936146637499,
3.010427082,0.25762721231177776,-0.34431760871657546,0.23560900794193707,
3.017399165,0.28271624509966653,-0.24480831117827748,-0.6389488593202781,
3.027278019,0.39472472718935236,-0.2264924247376049,0.28563122626448134,
3.037130207,0.2851340297983569,-0.5182975212186118,0.05995334526939722,
3.047078176,-0.3081939121781603,0.8418390051961311,-0.15123471147979473,
3.057192238,-0.39978408024301637,0.9952519334507282,-0.21292578798266426,
3.067207446,-0.22788991296760663,0.259900363060021,-0.23163213429238105,
3.077425988,-0.3968323847808237,-0.8493592009765438,0.6421303582399229,
3.087630988,0.28012682746586837,-0.38835243112425266,0.09998663522475049,
3.097291665,0.34668456515262625,-0.234067469649158,-0.5022807418690274,
3.109343905,0.43057669799002096,-0.29451420292269553,0.31835134034266943,
3.117228332,0.3138154157040285,-0.5267462919951389,0.16274381641476054,
3.126919946,-0.3158945554067478,1.0036318150519603,-0.06900233456350335,
3.13791229,-0.3599758715287673,0.9254885552214999,-0.3616601501215051,
3.147005051,-0.21136622197276989,0.06618365747828632,-0.028838465556187742,
3.156993332,-0.33764480405526665,-0.8664265147598637,0.513229886734738,
3.167196769,0.2202166648429449,-0.31006893092410187,-0.23297764456728665,
3.176987446,0.37537091030453196,-0.17144071717275317,-0.2476736195600786,
3.187096144,0.4075570508144264,-0.36699595180521916,0.2768710225648281,
3.197366561,0.050233491603689506,0.3652875671595692,0.1755281901221757,
3.209305363,-0.45014571480420673,1.0124058981585788,-0.05877483559757124,
3.217475936,-0.3294707245228088,0.6873416153469315,-0.460738282784698,
3.22698203,-0.29422242693880385,-0.17030257599523616,0.12174216796169546,
3.237030728,0.05575698810593943,-0.5806059111513373,0.14336236229904387,
3.24728255,0.3050947681886089,-0.37254737769426316,-0.2530598965377173,
3.257536978,0.3666589177308186,-0.28271500233699015,-0.07986414647822038,
3.267061613,0.43123320870858084,-0.5173069076847167,0.3038577062549237,
3.277468228,0.0844973892630072,0.4289134512654042,0.2584090409805029,
3.290923175,-0.4227345966767524,0.9560463842003422,-0.25295980945192653,
3.299249998,-0.26157320209115786,0.6269310805200639,-0.17172209560841623,
3.307259009,-0.5003935390136245,-0.5097659037113904,0.153757730007408,
3.317172082,0.12066347651309961,-0.4691042745590781,0.24558919181842676,
3.328014634,0.280405483664093,-0.23737741664891046,-0.4930588284300246,
3.337095936,0.3622303660877686,-0.31248506034091794,0.06523997949230775,
3.347001196,0.30510716884677747,-0.4951543023163135,0.34332662714853335,
3.361896561,-0.15430942178292972,0.6764789255480723,0.10610966597663918,
3.366881248,-0.41458246708332624,0.8782867457088436,-0.3594764334784539,
3.377212186,-0.23972862243985427,0.5494004460665867,-0.057737244194871806,
3.387206144,-0.1917828979518834,-1.0774457953378929,0.07639321245660291,
3.397311405,0.2756146858194015,-0.4482386034334003,0.32160346156684483,
3.408465259,0.25113750060864604,-0.17471618029310693,-0.5241846684906637,
3.417264477,0.4001076742845242,-0.32364764668809887,0.20889094318598467,
3.426947238,0.25879444478650604,-0.15165789014710995,0.1517898785722256,
3.437483384,-0.22200535298427182,0.8133700284432251,0.014171771021842972,
3.447011352,-0.4074476127707183,0.8805394008215968,-0.35641236955947875,
3.457034113,-0.27998946228688726,0.3213592397734884,0.03665126279968334,
3.467870623,-0.14737709457926562,-0.9227752027857015,0.029321010239746315,
3.477015519,0.20387900594669506,-0.416439432934738,0.1766855679574224,
3.487006248,0.2703634319607251,-0.14927686773603505,-0.4562444716594527,
3.49779479,0.4154884193661874,-0.34926484841398675,0.4471176123697038,
3.509205832,0.19448466096902406,0.02704592690235552,0.35769408989576235,
3.517818123,-0.380713502609058,0.8643957308559909,-0.17353100738026583,
3.527199946,-0.3811851819700589,0.8447454875015652,-0.399314460445229,
3.537062134,-0.2589795176463596,0.09352655452914527,0.07894396997389563,
3.547026405,-0.023308911663474374,-0.7679377695526481,-0.12072009867908662,
3.557611717,0.24184204837307788,-0.38450683757510196,0.2558508314571206,
3.568094946,0.28541098992526903,-0.3535741456734849,-0.5921096485550077,
3.579339894,0.3815577424407035,-0.39011954374215707,0.5989143624548223,
3.587260988,0.10604852015495547,0.22420553380567468,0.18799684640917036,
3.59729854,-0.3748479400100688,0.89954028041616,-0.018154158614851923,
3.608544269,-0.3918156078674302,0.8268924515362972,-0.38227311326883395,
3.617099373,-0.34409833361450093,-1.0086811414626127,0.47564894712907346,
3.627008592,0.04650201471850668,-0.5004870598528295,-0.048521369640491585,
3.636980727,0.23639928557241285,-0.23183786908892862,-0.22269237037059675,
3.656966561,0.342348283590987,-0.4459594252912845,0.14362726215078858,
3.668899217,0.05935817246605124,0.42469988559018407,0.14554756167375515,
3.677270988,-0.366231494864073,1.013967083250132,-0.15937371823912017,
3.687104529,-0.26233944393813347,0.7345592390335772,-0.2960513732729364,
3.697055675,-0.34777753430700087,-1.0672247878045102,0.314783199477354,
3.707453592,0.13549600539131346,-0.30215579440834217,0.17521217969907,
3.716987446,0.3382401346963517,-0.22640173570825334,-0.5187146861723839,
3.727087602,0.393175210937013,-0.1657985125900402,0.1672983011109217,
3.741816404,0.3298630447261728,-0.36248218813904876,0.2410987727246745,
3.7483463,-0.05789024582916924,0.5680961624831458,0.05497313439067675,
3.759771821,-0.2914784030231987,0.7456118596434991,-0.1858646321358961,
3.767108019,-0.23318272241855897,0.6118123636913618,-0.13336882973215403,
3.777255311,-0.21719202525540382,-1.0581621085586295,0.15379382781583928,
3.787188384,0.08673555749953432,-0.27958270350950115,0.24561807006517178,
3.797352394,0.2685860244298033,-0.1317288115807943,-0.6156187336451282,
3.811000623,0.3374519227237742,-0.5191010821015496,0.19703519496866306,
3.816902967,0.254638662202457,-0.1701146116376605,0.20359678390461866,
3.827446561,-0.16403847514526104,0.7986046512507847,-0.020997084595054005,
3.837118123,-0.39171986245263457,0.9606644026107353,-0.415193206006121,
3.846971196,-0.4972505924157211,-0.6105286509460798,0.219469733290806,
3.858974477,-0.1373112962287193,-0.7642349744372838,0.098961406749833,
3.867689581,0.2579002725568196,-0.18234702305263473,0.23239788516549176,
3.877319842,0.2522889413425746,0.0073513082165225785,-0.6568406335179979,
3.887599738,0.2937685043008662,-0.43848280974239473,-0.004493960671819508,
3.897022811,0.3116291833235054,0.12422338431667995,0.5327054906422326,
3.907042863,-0.3482893886317229,0.9421376967874504,-0.14078201861902606,
3.917158696,-0.3552458907881908,0.8916161842701704,-0.34246951748311183,
3.927049321,-0.406779911177916,-0.7730274528219009,0.5074918237576505,
3.937148436,0.02700259998833121,-0.5571304106675549,-0.08433857224387964,
3.946891092,0.358705637577335,-0.2158609504670273,0.16237228185333308,
3.959613123,0.4708393078829127,-0.29527191123726937,0.34441808915454253,
3.967830311,0.2387653717824043,-0.37412355583002543,-0.07689167613730419,
3.977486821,0.20633517340248586,0.3595854779792597,0.2602670545979695,
3.996804634,-0.40187884461541357,1.0691358320484774,-0.2055040076888126,
4.007487394,-0.44408617887226254,-0.7382720094863402,0.1573771893567617,
4.017163488,-0.11010264137051529,-0.26883687829524894,-0.11926426413959135,
4.029057081,0.2336985685136952,-5.490482294608356E-4,-0.14138003924136022,
4.037535675,0.3708334618971376,-0.24560549262714781,0.3465822479037861,
4.050022134,0.2200523896348976,-0.2424530697151216,-0.21306623292697147,
4.059321977,0.08410456048111126,0.5875049819720434,0.21261891307248604,
4.067148696,-0.42304885970226924,1.067596720868162,-0.2895911488388858,
4.077044633,-0.41505356301205976,-0.09594183984294591,0.197367608272641,
4.087622081,-0.332042850409648,-0.8275751576653724,-0.025980425100637916,
4.097229738,0.1940524758063149,-0.1257588947480206,0.14776729566167646,
4.107151717,0.26250220784842115,-0.054638464026871114,-0.46405621351948767,
4.117077238,0.39387637336491865,-0.3501686006968997,0.25699370716292513,
4.127088175,0.2538095947856849,-0.1881975293307131,-0.10086255380091025,
4.137061561,-0.01147277857819029,0.6615551900745531,0.0572158407483343,
4.147037915,-0.45354200765259134,1.1574827108288686,-0.21471621900289506,
4.158618227,-0.40880232941919226,-0.29984512539665853,0.36452768397737145,
4.168724529,-0.31171898755879135,-0.791500136152593,-0.22935563602122855,
4.177215883,0.14901996681331853,-0.08157607308680825,0.23023314255020466,
4.187193123,0.3030906759042682,0.041999368733922515,-0.6279266756571023,
4.196935571,0.38037851987990856,-0.4260872373050373,0.18718884135908453,
4.207647758,0.22768843602111422,-0.0037661845736440824,0.04249094125133013,
4.217239738,-0.10898418084009087,0.8550689653354695,0.0033470010479383916,
4.227536352,-0.4549367495792993,1.0518045771756022,-0.38039506151516456,
4.237599633,-0.4558867508902462,-0.5835852345913053,0.446505636578884,
4.247812602,-0.16551182228202133,-0.7733259933065892,-0.056513142104080316,
4.259381404,0.38856880221466605,-0.005745159536323652,-0.5202204318961545,
4.269341248,0.4487610209282269,-0.1731479302642518,0.19673945648503022,
4.277179998,0.31304018881289397,-0.42965327386838387,0.20336019311771203,
4.292091352,0.25043215105031513,0.039349661789082,0.20865678242385677,
4.296893904,-0.274663815902912,0.9508531940156162,-0.07824058968591352,
4.307542446,-0.29634552797257374,0.5308391771454763,0.029344784110644895,
4.31708281,-0.4669198481287915,-0.5713165504344978,0.25331896693695377,
4.327813123,-0.06707797750205668,-0.5030219159610017,-0.13444809793481127,
4.337232342,0.2681182996084621,-0.1419284027486597,0.12228466130058813,
4.346897446,0.39836924677295116,-0.23612587306257526,0.31234799271234515,
4.361344685,0.22675814155898588,-0.3114838016299919,-0.1944850091504371,
4.367165727,0.1814065132471887,0.3330828060890424,0.19683814014058854,
4.377115206,-0.43714464871621384,1.0939023701497068,-0.2715700152312799,
4.38712656,-0.2884242150667211,0.4001122640091698,0.058555755393101094,
4.397005883,-0.38396822718643353,-0.7984812318071906,0.15410473615041909,
4.407332342,-7.16776115601947E-4,-0.3629729317653325,-0.02994497084528902,
4.416914425,0.3058843847410635,-0.10650364295865278,-0.1771847364418555,
4.428828956,0.4439051815904582,-0.2690776168205355,0.33326136611995416,
4.437567342,0.2478638227015657,-0.26123076906983167,-0.31566019421341274,
4.447154113,0.16764530620812756,0.4958683591589601,0.2990953797855198,
4.459675519,-0.4481536143474627,1.0709018859470107,-0.5421911339157255,
4.467488748,-0.4811059946579017,0.04460829521848503,0.16384001889280952,
4.476953279,-0.3082704158435088,-0.8223953006614547,0.00848900730174762,
4.48753255,0.10581019625585708,-0.18290656073485223,0.05275983377108595,
4.497192133,0.42175171459135563,-0.10035657297447842,-0.47877067912570936,
4.50792729,0.41401594229076033,-0.3714201880365652,0.38312801846701205,
4.517914946,0.17798380333211994,-0.2511674748158488,-0.2757676352752174,
4.527132915,0.004480968141770125,0.6877936612529729,0.23907293401615348,
4.537124894,-0.34884165904981623,1.025244537271116,-0.45230320674215463,
4.546907394,-0.4169794017637789,-0.1911151383105485,0.35833336844416763,
4.560067133,-0.2876147981139039,-0.8270993211892104,0.010854927177209817,
4.566829894,0.19894907032235354,-0.04876382184242045,0.17723557748395535,
4.576943904,0.3123882067583712,-0.1309483848588851,-0.2566063134034611,
4.587167342,0.32652494528950937,-0.36524788559096555,0.26972410455066864,
4.597138071,0.1999284523253575,-0.03170913076891502,0.04722764789834777,
4.607231144,-0.11586929182013384,0.8327145606955371,-0.19206102132976,
4.617947237,-0.2918930118862828,0.8653692269866053,-0.42946134758138577,
4.627279321,-0.4480348639157645,-0.45692141337836706,0.48386698760872093,
4.637842967,-0.18987616002299235,-0.7639323352467611,-0.1951756970223979,
4.647079008,0.23117135286539514,-0.044198884860006504,0.27289996972583097,
4.6595663,0.4454263553636051,-0.08132778350140857,0.11105984394472834,
4.66692729,0.2950493896497708,-0.4021658320715127,-0.04905800863327947,
4.676899581,0.2820081396495042,0.07666251504499932,0.05269084895275178,
4.687164321,-0.2800487769766855,0.9960263764387705,-0.14172183255654858,
4.697016352,-0.3006534968315926,0.6589150743108064,-0.12870034202180136,
4.709219165,-0.45504325187201244,-0.5761161075893187,0.31075737774974677,
4.716968071,-0.18015989904399676,-0.6141217412045117,-0.1651117491673908,
4.727186612,0.3155587415314043,0.029680867076673834,-0.6070993175468029,
4.737187446,0.42099891506960585,-0.14480713281571173,0.3724023635895115,
4.746957446,0.2448616854614465,-0.36101196029614846,0.03743299927004706,
4.757732185,0.16524359641603215,0.27813741510048356,0.121883655275413,
4.767246092,-0.5420123334079459,1.1725291486178624,-0.5767003816878731,
4.776973592,-0.24973516427274345,0.35575348342218305,0.19752412458134216,
4.787573592,-0.44495443314548955,-0.6654164536415871,0.18866505161819802,
4.796989269,0.011785858390835013,-0.5323331629132697,0.08964053738830913,
4.807463539,0.3771780916198946,0.003174426166576594,-0.44926611623193047,
4.818467394,0.40900260513185316,-0.28859538872372115,0.2688257849929716,
4.827080727,0.29655633215235744,-0.35345946184262445,0.015863240299065495,
4.837271352,0.20659931376876095,0.3454709714137331,0.3191481117705024,
4.849286769,-0.41699040829895617,1.0578442089146627,-0.5261489483277391,
4.859440935,-0.3795609545688525,0.21803684412529095,0.16135089138663616,
4.866966248,-0.36494036292876375,-0.7755897531581718,0.11375783713274679,
4.87739781,-8.173606860286675E-4,-0.17610797005278256,0.21358927751869672,
4.88707005,0.33644976440527863,-0.033626148838856895,-0.38075287608074504,
4.896848071,0.3610970673835978,-0.31803584872806795,0.40025075699673174,
4.908541039,0.1969403980475033,-0.22378287934561358,-0.2161000535823021,
4.918649529,-0.4553633881965189,1.2000338695581771,-0.31078668959435696,
4.927202237,-0.25703048335384593,0.8221210688063318,-0.26395222765204807,
4.937352185,-0.2975616425424519,-0.16973924639154953,0.41707689585687646,
4.946977341,-0.2686951613545183,-0.9785503506845592,-0.03408750675199812,
4.956910466,0.4132824535274693,-0.1546017933039951,-0.3184054118957391,
4.967362914,0.39191746672822547,-0.1390043106197586,-0.13214132170409165,
4.977114946,0.42079429595338125,-0.4023383781527893,0.38461973682617945,
4.987182185,0.22937511419190426,-0.09202737213893064,-0.029407482023431797,
4.996991612,-0.4753841478432541,1.213500924096717,-0.22272413625351106,
5.007362654,-0.2577242150946717,0.7562802848706353,-0.23947081290905814,
5.017890362,-0.45134567380303214,-0.40628654023093325,0.5592450354637695,
5.027379008,-0.1772018365888124,-0.861330463569024,-0.13487325873835943,
5.037212133,0.3485710388161083,4.6573950397266195E-4,-0.4143568894613914,
5.046863071,0.4167628102093808,-0.21414788664541806,0.12820153066721574,
5.057272498,0.33341024816750453,-0.37051588774651023,0.36305011613533544,
5.066825935,0.19011381865119104,-0.020600656516788274,0.0605969532598305,
5.077248123,-0.46082455634613706,1.1327362697542207,-0.3039493477925266,
5.087344581,-0.23075366592041546,0.6303770098066726,-0.19719085030433448,
5.096988071,-0.3071860359162639,-0.6295923111457509,0.7462985282526269,
5.10724906,-0.16913444885019846,-0.6722256277099357,-0.3989496417533669,
5.117139529,0.2630876931476245,-0.06277091774106863,-0.6715858608636314,
5.126949164,0.4403133895339688,-0.17279988505650234,0.4433961367485484,
5.137288279,0.2909592077209251,-0.4446977136787469,0.2168110256097755,
5.147278748,-0.2269192945898615,1.0692706777050738,0.050865812675320754,
5.159514268,-0.396055985446059,1.023968320957394,-0.3423800122132583,
5.167498123,-0.13297008590323411,0.25222772111222874,-0.19728962988779486,
5.177198018,-0.2902507711762006,-0.7635599633079709,0.7921881325155447,
5.187162289,0.25813189114619783,-0.33503591696595686,0.18938633975266939,
5.197036873,0.29844286414376486,-0.16076850636939632,-0.5839897380123169,
5.211757341,0.3613373944949434,-0.5116870859793061,0.2529841434280371,
5.219358748,0.28906991559595463,-0.4093496687834449,0.2177101907189929,
5.227080987,-0.3663368028137637,1.1741635888715596,0.0515851447626936,
5.237285362,-0.41565254543094277,0.9240079951206852,-0.49503330630898645,
5.246999998,-0.17929308584426584,0.049676285737356274,0.017691769259451817,
5.257090571,-0.38860077040270746,-0.8949553358128861,0.5044854466575615,
5.267103956,0.348003718242043,-0.22563173672129275,-0.16335805380676227,
5.277169581,0.37034032582044096,-0.1651824895586138,-0.3298845936801751,
5.287148904,0.38820951651572777,-0.4232809213038735,0.22642511924531306,
5.2971663,0.27992186125945717,-0.35394761301966127,0.10452571551343759,
5.308924946,-0.41962387421264924,1.1878393861620298,-0.08493106333143707,
5.318107029,-0.28973047144043185,0.7510739304994482,-0.5276318929014785,
5.327115206,-0.2624301291054705,-0.0733480303784261,0.31339329549327033,
5.337122446,-0.31720433048774566,-0.9167602776924809,0.1281316285821159,
5.346894581,0.3744750228534559,-0.18178418631871862,-0.2499216075346986,
5.35866156,0.33022586560332123,-0.1913960008265203,-0.1692915340746346,
5.368634633,0.2795035684592193,-0.49022040593160204,0.4468368227891215,
5.376968748,0.16231125549369385,-0.20830166997538413,-0.08689394508901493,
5.387079164,-0.45242085491900963,1.2124188370543607,-0.25339043072941436,
5.397413904,-0.22403060941128183,0.8013832908501537,-0.14142084067728078,
5.409057758,-0.20987033484958206,-1.0290884223278116,0.0707386021163785,
5.417335362,0.15388450909787332,-0.22567805025543786,0.4703085330602903,
5.427514789,0.2456907104582302,-0.07328218915912321,-0.558449371061533,
5.43720807,0.288489919593391,-0.18120887834908816,0.12018767722303991,
5.447034425,0.2767605636044004,-0.39013335672284966,0.35663903337999514,
5.45913682,-0.10037223072658708,0.8064643576362467,0.10143671498524576,
5.466957602,-0.3714327142382521,1.012920843332508,-0.37853767024813223,
5.477225258,-0.17456306821067002,0.5804933442827058,-0.04234048165749016,
5.487167445,-0.44610826020208094,-0.6235306156352368,0.44113676994744466,
5.497279164,0.2713519744494193,-0.36091846566797947,0.3222636640048311,
5.507425206,0.2783730834657854,-0.24276609692098028,-0.6615623903293386,
5.51707156,0.3759273219056851,-0.34744178035355666,0.26754040145723224,
5.527078123,0.2547732295948606,-0.5231196783264245,0.12209506530641079,
5.537213279,-0.2558680770907129,0.8686270791467218,-0.00958407959080887,
5.54711932,-0.37324628814962124,0.9247450413843941,-0.4520314299324131,
5.556971768,-0.19133680331632785,0.34140087624716375,0.06741614633727266,
5.566958331,-0.38291277303636306,-0.8301274660402329,0.406359064530756,
5.57720255,0.35255402076768694,-0.37296704317520396,0.248472871741793,
5.587293018,0.29736618795814374,-0.23708205910833946,-0.7205950241397687,
5.597219008,0.3757990248904408,-0.35821744992186444,0.4654803100338878,
5.609382133,0.20870177331811446,0.18843566025217523,0.28044699216773594,
5.617051508,-0.38466268870634823,0.9322159778668098,-0.11274567775018518,
5.627080831,-0.384344530847891,0.8223872098599763,-0.519237832483352,
5.637128904,-0.21553827345150633,0.014348356984050292,0.09026540417933404,
5.646915102,-0.03452463960471097,-0.7699887521569004,-0.019724932515908122,
5.660177862,0.24819234199665097,-0.4167934232953446,0.1068030617997735,
5.667009737,0.2751683488475649,-0.3181118149759974,-0.55811910451526,
5.676936612,0.38868650555510253,-0.42304127845784867,0.5341695418272447,
5.687128331,0.14239737796703134,0.289805509180857,0.21281536978992044,
5.69990057,-0.3917375770575273,1.0133118003853427,-0.013622215886814004,
5.709208539,-0.3593586895757095,0.7340350127417459,-0.470584814945779,
5.717896977,-0.3334555795902552,-0.28617675493569267,0.28241657797501674,
5.727147341,0.07033909391446591,-0.5966907850139228,0.19528751042688874,
5.737205727,0.2554688535617484,-0.32412372519436583,-0.25748840596513034,
5.7469863,0.3116353100527678,-0.3818820833354243,-0.20599072477210356,
5.756898227,0.2952768759719018,-0.535349044735356,0.3255402143717703,
5.766859164,0.021701046370783184,0.5217400045910486,0.19914066759116622,
5.776960518,-0.45764869964653765,0.9690160395081051,-0.1931136133880056,
5.787251977,-0.2895045798344178,0.6066610528131492,-0.4303034212279826,
5.797135154,-0.36950964302402833,-1.0929289568980403,0.008184173418003482,
5.808183643,0.1947247936679357,-0.3533648101107174,0.389619238148466,
5.81798531,0.24771718616115512,-0.20607742052204564,-0.5310635511316182,
5.826990049,0.32075685210885574,-0.27212216362100566,0.12677345719040822,
5.837342445,0.28725123364020955,-0.3096350821236112,0.16271026965857693,
5.850379216,-0.03068809542425832,0.6256967232720583,0.06887671182061084,
5.859670674,-0.3922998812466332,0.9755669630445266,-0.23603403703765125,
5.867305935,-0.19125680181737503,0.5506102400523205,-0.02027483094848037,
5.877045154,-0.24494279268070684,-1.0764780555167373,0.0450716391474657,
5.887206456,0.1411494188095359,-0.4014956882793567,0.3884834587789108,
5.89700031,0.20485688627443532,-0.09135317255646877,-0.5472950506038252,
5.908544477,0.34776011610572977,-0.3029259161121916,0.26701701737826866,
5.916967706,0.2475623409314589,-0.13508048184452626,0.182967861949491,
5.927686977,-0.18502240813862203,0.8113090552668717,0.008468405770530651,
5.937093695,-0.40850700884732327,0.8482448226436732,-0.4835580695730286,
5.947000883,-0.12760802864768284,0.37213805248139364,0.13413209048415453,
5.956960049,-0.1480551462152655,-0.9740894561624681,-0.061245963354863875,
5.969201299,0.29527391586470153,-0.42684513136674207,0.3034293767770464,
5.977151612,0.19025050476207372,-0.23421585404816664,-0.5387239363225031,
5.987122185,0.3207521349192781,-0.38657028551056705,0.36581116466270025,
5.99719182,0.1646644520760474,0.08913895229375585,0.216034551847347,
6.008213747,-0.3279551944731953,0.9140701750109691,0.01959888171225188,
6.017123799,-0.3849472587584879,0.7772248156221786,-0.4440079368665266,
6.026986404,-0.3539265303039094,-0.9411550706742542,0.45690684020404504,
6.037187706,-0.08394364581295166,-0.5077577548121085,-0.04819217920395147,
6.047545674,0.3005944882568654,-0.28362310066975516,0.11467501640246525,
6.057385101,0.22515271462892983,-0.07366955387717378,-0.41391565704404343,
6.06731682,0.2873823989065132,-0.4113621481905452,0.11323164062453017,
6.077336716,0.1992601671720855,0.31447171023288795,0.28978270019493735,
6.087427133,-0.3615702216700465,1.0636905876858984,0.001983020507513089,
6.097451612,-0.33522480526572473,0.789660918558753,-0.33551761801781765,
6.109349372,-0.37544007141594893,-1.0844350434580514,0.39047033551738686,
6.117106247,0.11336597570415496,-0.34656977472615796,-0.14731001088296658,
6.127222289,0.30521323497006225,-0.20064134453068222,0.08134937898893924,
6.13741156,0.24417058797604985,-0.2218046272145116,-0.5478362988108021,
6.147143643,0.33324244953733384,-0.42260995581518845,0.2359382668595611,
6.15714281,0.06739647656712289,0.581285476090342,0.14278198555796173,
6.168542914,-0.3751238229272098,1.0626210923209432,-0.06964892327238026,
6.177306039,-0.3307448102948929,0.7734824462902261,-0.23959441327610698,
6.186976039,-0.356533199462721,-1.036086221999191,0.3599487674748172,
6.197257341,0.09784572131361235,-0.3385365171959106,0.21134463409704196,
6.208753539,0.29279703145762825,-0.16356896271150145,-0.3978714667946317,
6.217494841,0.34149785236947183,-0.5139274272111324,0.03412973696468491,
6.227005674,0.31916690982526497,-0.21194436333873012,0.3797299370326854,
6.237127497,-0.08177002972645808,0.657880598844702,-0.10993370174103845,
6.247246508,-0.4025195813678364,1.0779285625947437,-0.10326983736939255,
6.26404281,-0.41395301632107584,-0.547363122595714,0.3004560295185481,
6.267128695,-0.3464852890334231,-0.8669314545737636,0.041167435919525985,
6.277333591,0.2591129047901073,-0.11127530434504607,0.07890257666530864,
6.287413122,0.3758421503091367,0.018240007569190198,-0.4731793607868937,
6.297331091,0.3466423481769969,-0.506386277826789,0.019852049700563867,
6.308911872,0.29263675451816007,-0.037359665037920486,0.3989535391745136,
6.31734182,-0.17960862922238618,0.8741628565774517,-0.20181495186351484,
6.327049372,-0.4041759857143348,1.0364338428486315,-0.28403573224276535,
6.337914372,-0.4459239871188312,-0.5652359747323255,0.33971858827805335,
6.34740906,-0.06560426003808262,-0.7739694613959678,0.07257748292713018,
6.357077393,0.22332864564995392,-0.11352018505305356,0.1193534902479545,
6.366942862,0.3625376189735765,-0.06017037224745991,-0.5634016377332767,
6.377022966,0.3053529711554237,-0.4465314785001775,0.16219449181533108,
6.387189841,0.21363662497121405,0.22504468843475178,0.32895298114757665,
6.397079789,-0.3041003321336244,1.022794728160979,-0.16587814242568832,
6.40955281,-0.3811862448633936,0.9408189333924307,-0.4544836723878163,
6.41761182,-0.44285507041464056,-0.7796339291374959,0.2646517400682633,
6.427173226,0.07475694784919562,-0.5777384676965934,0.19639851607804815,
6.437186299,0.2283572893889756,-0.24767031975053644,-0.07272432678600005,
6.446897497,0.2899460587145495,-0.10619890457362252,-0.45657499975887816,
6.458592706,0.27792557026875864,-0.42206272892928376,0.048458414499538804,
6.46770557,0.2223404562150071,0.3825256881095866,0.4218386310136939,
6.477121508,-0.3124601431151526,1.072165079472693,-0.12221537448592024,
6.487333903,-0.3265825897423662,0.22949355249264403,0.14739371603626417,
6.496904372,-0.42981789827094374,-0.8583617019283092,0.19452935271182348,
6.508101924,0.10050956154071589,-0.3189400043191366,0.10965485423977128,
6.517257028,0.3255738555924359,-0.14789177625194017,-0.17276500820974583,
6.527018643,0.4136881303418687,-0.3788025510216938,0.3367971487056405,
6.536940726,0.22369018170269417,-0.22642761325082672,-0.12895705642611333,
6.547073383,0.16362926938559275,0.554356683451005,0.20329187439035934,
6.55685432,-0.40539781587580315,1.1483382973337715,-0.20511552392521182,
6.566922653,-0.4928699838102617,-0.06199435446544127,0.34156248808639234,
6.576888226,-0.2563900078917152,-0.907677325041164,-0.201759164804324,
6.587298903,0.14731452261729183,-0.11322624876584142,0.1297273117112283,
6.59716333,0.3936635764068217,-0.044612347241127726,-0.3865509448204705,
6.609399789,0.3302537371020198,-0.4034392588582709,0.4415809299346396,
6.61703906,0.12629701052512177,-0.1388767046330035,-0.2596502951147883,
6.626914164,-0.02154549475983414,0.8235949768545103,0.0527686555097322,
6.637194685,-0.3849858007150939,1.1032397662736475,-0.2795662340394802,
6.647975362,-0.4305717437520069,-0.3585622854918243,0.4045856907469325,
6.662154945,0.14587511308555268,-0.33281850400686275,0.29302280064442066,
6.667173799,0.11670009046844232,-0.2662548032054902,0.24974111649209974,
6.677520883,0.3538491547111795,-0.25897251817779554,-0.10666462633757057,
6.68704557,0.3137250757220684,-0.4676671922460939,-0.008717321187244664,
6.69716781,0.18968855667140483,-0.052353024503051904,-0.05294248487948394,
6.709144841,-0.17002983627298351,0.8621681213216308,-0.24155137559889894,
6.717002237,-0.3505443234251251,0.6744116210807422,-0.3924392511138848,
6.727515362,-0.4183415332640259,-0.487104394923126,0.39090165697021995,
6.737454216,-0.242735875384414,-0.7114641975486082,-0.37680885630859073,
6.749742966,0.2654980558265021,0.013098477433220346,-0.6232274805546858,
6.758000049,0.3503044238176958,-0.15807302068861662,0.29820832927695484,
6.767003903,0.21895203514790662,-0.40227047023131324,0.0853379036559403,
6.77705281,0.20580738007145039,0.1531932559255451,0.1908533307372533,
6.787202341,-0.23374925280319125,1.0266051456645084,-0.06183759908207165,
6.79733333,-0.24829100151623473,0.5761178863298856,-0.11076158317190732,
6.80730781,-0.41315325561972616,-0.51977068326855,0.38639988873591236,
6.81704406,-0.11600215008904247,-0.5996912490684534,-0.18121212026126976,
6.826917601,0.13704170567949836,-0.18861806959778032,0.05422769148629669,
6.837291612,0.3701224468800244,-0.22750893092846847,0.16596516100153735,
6.847155414,0.3267437094571446,-0.36588184719638805,0.05615774891841774,
6.859575674,-0.1982916932008858,1.1629691705278016,-0.12362543660745295,
6.86709833,-0.1586333545607086,0.9456982123988039,-0.08357747330940057,
6.877075153,-0.20352115889881106,0.22025741006033953,0.08636678111810525,
6.887275674,-0.43862898079946877,-0.8504277875813061,0.08441630087104635,
6.89844557,0.06281494356477069,-0.4198530523611874,0.021564412767149932,
6.90729182,0.3260639131648049,-0.12136198748221166,-0.5803413958116703,
6.917374164,0.3987571096883382,-0.29628716841594516,0.37848582500105366,
6.926938903,0.22706843189129566,-0.29832128632272203,-0.15689761929603208,
6.937128434,0.1510089935599115,0.4661959453566478,0.28819955593036184,
6.947333851,-0.3695253132392291,0.9092579280649509,-0.5509077929998512,
6.959698643,-0.44884920109187165,0.03787626189509119,0.2947725754145729,
6.967349424,-0.343756484896935,-0.8737495373684638,0.02129779665978404,
6.977099737,0.13871284491936597,-0.19334424583105037,0.1396212451403276,
6.98728958,0.3561365776627876,-0.10870672105143697,-0.28669854221781677,
6.997396664,0.36152364201304277,-0.39342318247469454,0.3375883402980122,
7.007107601,0.18195878177449676,-0.17683251913954567,-0.11300122717565309,
7.016928174,0.05362967419279063,0.5940327229772429,0.06282777802510253,
7.027144424,-0.26355406627931255,0.9655586626270947,-0.48603919969905895,
7.037901924,-0.3793950795005008,-0.03966625959558995,0.4998962098208306,
7.047385674,-0.3035160636004006,-0.9204606726239818,-0.18235231925270945,
7.05693432,0.06364495475322451,-8.697759684481166E-4,0.3138044238947071,
7.067513018,0.38801952138924944,-0.06198737236472429,0.005877523490765313,
7.077100987,0.2950927411348372,-0.3560477512090402,0.0813163986754244,
7.087006403,0.22075131693130734,0.006296728689750286,-0.10349851680184763,
7.097005153,-0.08388812415881164,0.8171506203327817,-0.05215306148835275,
7.110954268,-0.2663080777572251,0.8069493990829979,-0.25624271286255684,
7.117189268,-0.45821266856564336,-0.42704284813472476,0.2546921090068288,
7.127114789,-0.19801830837546408,-0.7400294830518472,-0.1486724602554741,
7.137176351,0.2553033861365428,0.005569196532765386,-0.609270762393832,
7.149731716,0.35747156404229097,-0.179419345227401,0.24808219989938785,
7.157810778,0.24000862330414519,-0.3887017302254999,0.13717425601326028,
7.166957497,0.17668402266675365,0.04146514475026408,0.21699953664654714,
7.177258486,-0.4102768892274371,1.2130347104047035,-0.34737891682534006,
7.187373591,-0.190315436858024,0.6639699150065022,-0.10935073477863178,
7.197146299,-0.25951267205721984,-0.5720721873490464,0.4947886992864703,
7.20905182,0.17546214323801324,-0.3197517230390272,0.22727932368698944,
7.217071611,0.12504683861384813,-0.13321827525129015,-0.8294871184429873,
7.227304476,0.3145579252978168,-0.2598035230178046,0.5315953943569376,
7.237469164,0.17503196035544089,-0.4376861964812604,-0.12634721967070028,
7.246931091,0.2013170721906028,0.20147512633397363,0.281994123677503,
7.258474372,-0.4365390775380451,1.1724908930364784,-0.540549262825575,
7.266892809,-0.1347108076236978,0.4170144305470415,0.011924755999306313,
7.277010622,-0.42954932770906584,-0.7236679231450694,0.33132020030725684,
7.287333643,-0.1750876356902018,-0.48699698728924895,-0.05672423526200632,
7.29705458,0.3042936762378776,-0.1137855361509792,-0.44377492653968353,
7.309362601,0.3813409201467963,-0.27490313137439665,0.3958017445592681,
7.317057236,0.22845835623462474,-0.4191200835296931,-0.09707625571977374,
7.326912549,0.22873531291738725,0.4614942468969487,0.3513795227679317,
7.337247809,-0.39928160898005505,1.0740483600114554,-0.48504094355323346,
7.34688807,-0.19684208863668085,0.09309416200437315,0.28617455106561707,
7.35705932,-0.5099001998400088,-0.7682836478096791,-0.04687212672563135,
7.367009997,0.23564129871563932,-0.09364865820745999,-0.23669585201527,
7.377014841,0.24980454287876142,-0.1362104781559338,-0.25064818551846635,
7.387136455,0.2917809855298159,-0.3694575125448887,0.33578287370436755,
7.397091559,0.21810191244729005,-0.3108889336961893,-0.0071854686146313185,
7.410272809,-0.40778832935613285,1.2682550529179264,-0.1436542586807672,
7.416889424,-0.29558491153178124,0.8920209391544096,-0.4060588134387544,
7.426933382,-0.14453057799861835,-0.08317358623903334,0.5179118908993878,
7.437306247,-0.34546779278219564,-0.9552665100968786,-0.12197114646017759,
7.446877288,0.2905727491116459,-0.12065182101543015,-0.3887123236622827,
7.458481195,0.32439555051612334,-0.20378170785757116,-0.05048020438881018,
7.466884007,0.3361308202957112,-0.43883737228276104,0.5572079995748904,
7.479213903,0.03906132585326816,0.6295950945062497,0.1852775080583502,
7.487446976,-0.3671460961777371,1.0706230351005444,-0.2961421598130851,
7.499929945,-0.17113377376225802,0.6573008496502597,-0.2215908518739056,
7.509651247,-0.30545875011942547,-0.4395014366356883,0.5735490042918912,
7.517856507,-0.15242964886873356,-0.9951625363706235,-0.20004446355867422,
7.52727833,0.33774294167161467,-0.152568642034426,-0.420525225387955,
7.537837184,0.3468088285875357,-0.22931516467276786,0.13858973790252627,
7.547092236,0.30809281482315365,-0.5052328133483217,0.34071492997045816,
7.559870622,-0.05998355377502196,0.8063220958789599,0.027405928351367237,
7.567683955,-0.3544446486535626,0.997484205633832,-0.3305021677192972,
7.57703182,-0.14564964439892436,0.5068524348500832,-0.1877873542926256,
7.587226038,-0.3310402652933093,-0.651797543544494,0.5546231744272276,
7.596974736,0.27146901914962984,-0.3988548839719478,0.15256389598709497,
7.608991247,0.21717521531970374,-0.1965008039976266,-0.4295731813060275,
7.617008799,0.3269690273888197,-0.3870440212651179,0.03941411730869504,
7.627096038,0.26157522191105587,-0.46286411982886677,0.35331168935476853,
7.637014215,-0.25042648323775696,1.054737552784978,-0.023808168047434464,
7.646998903,-0.33824726111413117,0.8897587178413857,-0.3408276928852132,
7.657385205,-0.2246290855941857,0.2674431417993537,-0.21137065040192127,
7.669547288,-0.05712016529541697,-0.7667105027348334,-0.12312789239184951,
7.67710708,0.26076167339721135,-0.4754623753476568,0.22327884453378566,
7.687021247,0.2545780620148883,-0.257786749414478,-0.4036469744218003,
7.697529111,0.31092258144784823,-0.4054269779617582,0.3819354783238875,
7.710114215,0.17212368527546618,0.1813137897733852,0.32087125863567323,
7.717559476,-0.3373106838902229,0.9878100330737436,-0.12637489250552392,
7.727443903,-0.33114014638585987,0.790248026458995,-0.3002980646391844,
7.737257497,-0.1423289185613248,0.03460567395573963,0.0508969547827931,
7.747567653,-0.32838358925579825,-1.0142720166787615,0.28588357945123377,
7.75851333,0.22762563668251956,-0.3210851052558511,-0.4608233183237793,
7.767026195,0.3506522404556349,-0.22622233225155586,0.014414007694492526,
7.777076611,0.26519891638794535,-0.45678987179794883,0.2720200977571565,
7.787816507,0.10489890590698714,0.4007126285664322,0.43213634187760164,
7.797808955,-0.39109050738500617,0.9794544254964258,-0.37446686033580967,
7.810414997,-0.29754952993144235,0.7529177407602998,-0.17699048045614774,
7.817678174,-0.1001335494212281,-0.24042480864679552,0.2568031539651603,
7.82740833,0.1344136148697559,-0.5907349918568591,0.4506085387971286,
7.837452392,0.15349951982549226,-0.35000489030555565,-0.681469498308001,
7.847269945,0.3219971942905695,-0.3259725878578479,0.22096896312117664,
7.857234476,0.25759775543245556,-0.5825587518963857,0.08483791463756596,
7.867444424,0.052849349212907626,0.4533264392253841,0.09851608366317777,
7.87697333,-0.4020844007871447,0.975576786489255,-0.22764541554016127,
7.887233851,-0.2450530453794717,0.5812638507612283,-0.24340783633837937,
7.896937809,-0.25733403557725887,-0.3777479325669817,0.5101267887906253,
7.908608174,0.13123642449229456,-0.4707501486887783,0.48471581091531313,
7.917145361,0.18160361484407983,-0.2540169680873752,-0.8227353163556401,
7.927122549,0.3291574989614454,-0.3104738016732693,0.27650794442525495,
7.937484945,0.21735737123946874,-0.6008055702692795,0.06797759577457896,
7.94693984,-0.14789478461853234,0.6838952624125061,0.008413448689974956,
7.957199528,-0.3941278813752458,0.8995426911769532,-0.4069876553546603,
7.967391507,-0.14675047862314594,0.47446789889798346,-0.049777593766149764,
7.978877184,-0.36256668462581176,-0.6317364490090547,0.5271243361198934,
7.987358486,0.32286226356644043,-0.49006628323068124,0.3297622130365401,
7.997017288,0.2582898108531524,-0.3154385513343009,-0.6249177991508468,
8.009294372,0.3445378278390159,-0.3902568679076507,0.17427306658752606,
8.017008174,0.21433875836496274,0.040220986920827706,0.15474132924658335,
8.027391194,-0.2269241501683814,0.8136442272808029,-0.07540432429804511,
8.03728859,-0.4267055264945683,0.8654358362313805,-0.41275036983882707,
8.046843122,-0.1728126900860354,0.17137038510296337,-0.08503351730660924,
8.059098174,-0.09228142877170908,-0.9355060354768945,-0.03738106189216239,
8.067500049,0.14069531138937097,-0.4113012231111299,0.1539696622050215,
8.077069528,0.2657851996119851,-0.2524265509223756,-0.4437714443082488,
8.087362392,0.3505342342135138,-0.4471074947814796,0.3498359024147284,
8.097094372,0.1731670648000101,0.1326465241829035,0.20325434204896986,
8.108199163,-0.33647598027058767,0.9641991204197786,0.04002046582667518,
8.11746109,-0.3457952594667142,0.6947448210855789,-0.48896217348123727,
8.127269632,-0.2613133315968088,0.01949468508883051,0.3290061950529015,
8.137311455,0.020792760473285377,-0.6126427987772327,0.0027160644407580037,
8.147083955,0.2924462620590482,-0.49011423902178625,0.1094329833885439,
8.159540726,0.2033111623266819,-0.3001540399906224,-0.5100465393145548,
8.166902184,0.36184660365895294,-0.5465810376260429,0.664564849847185,
8.177093122,0.10560248510611747,0.37484838343828925,0.20987148436993586,
8.187295778,-0.39052754865827,1.0353774450395108,-0.046623076175926315,
8.197306247,-0.34306788624717255,0.7363646524885179,-0.49698550317706847,
8.212229632,-0.35106868888055076,-1.0964263043611144,0.23065027543686156,
8.219063226,0.07157148245879186,-0.4327772110151367,0.015968584607302105,
8.227975674,0.2871005163503342,-0.2236386179484619,-0.06383951219697082,
8.237390986,0.30629488833051144,-0.2555253696090137,-0.4494671480876544,
8.24704734,0.2910045385940965,-0.3270033988671426,0.08479044778964173,
8.25727458,0.01828327183597045,0.6577707216487787,0.11380098616140089,
8.267436194,-0.35312278743845016,1.0625177848614424,0.1063636649056825,
8.277613121,-0.32846695324787945,0.5282334985953308,-0.4665333661711575,
8.287091663,-0.33938794248111614,-0.9871191737952443,0.13242897722908964,
8.296991611,0.08091607957833946,-0.4066230581524064,0.28981769350202136,
8.310147861,0.3558677933196539,-0.09545509229676641,-0.1818642595050246,
8.317040205,0.3613086145385358,-0.275561628425731,-0.05355338880519156,
8.327434319,0.21243251174801614,-0.29706377799082895,0.11038604872147317,
8.338095517,-0.10586604428200697,0.7736597934184941,0.07298596300061533,
8.348024059,-0.34518191776203144,0.9407085163449027,-0.09483998936513238,
8.357032549,-0.27614553420962507,0.3541716562155707,-0.19845576224405903,
8.367556924,-0.3128537785945067,-1.080399972085649,-0.15876460979524687,
8.377783434,0.30134098911780294,-0.38931034555792354,0.5471956180720063,
8.387346194,0.2410727912942423,-0.20418804924296968,-0.4969397030521616,
8.398226455,0.28479558426220053,-0.5770684722312899,0.2613326674899117,
8.409410309,0.22783646740976038,-0.06325962092468035,0.3163262658278665,
8.418124319,-0.2008031069559808,0.8687657678446064,-0.08404225882208216,
8.426940934,-0.37516293997152306,0.9708246202723892,-0.28175483366899456,
8.436991871,-0.2081930007504118,0.33229586374415654,-0.08749798314613244,
8.447053486,-0.07461704937352276,-0.9293488272694453,0.03726250825848432,
8.460635309,0.1854726622284768,-0.43702120849829557,0.2290073943020996,
8.466963226,0.2709612329627131,-0.24235673959526732,-0.3530955066774606,
8.477250465,0.2474147383232954,-0.4850203213331963,0.31511652068342144,
8.487060257,0.18260891468207374,0.17893072627084533,0.2061245886170493,
8.497026142,-0.23698514913813007,0.9705806943742202,0.05763953905770158,
8.511532028,-0.38878569774067984,0.22484047198039428,0.06143450722272448,
8.516925673,-0.4795803846695945,-0.800792662431859,0.24834499347349137,
8.530079423,0.1066682003514825,-0.47208230346843644,-5.213929165197584E-4,
8.537237809,0.2998550146879242,-0.16314538836801085,-0.07703149421602795,
8.548615413,0.3164984870005836,-0.11519338703413035,-0.3834063538200887,
8.557315413,0.23787591362390437,-0.3373209636708834,0.09167045527400752,
8.567024319,0.1290091316254418,0.45031908243491353,0.24188799996139387,
8.577161923,-0.32583360351312307,1.0804311372009445,-0.0669784916324474,
8.587244944,-0.2453440068339361,0.7570846825573865,-0.42133257968291105,
8.597126559,-0.41079565987388733,-1.064527404329457,0.06132947458374893,
8.609630361,0.10040438091436665,-0.2540291404893225,0.35552109919824915,
8.617477184,0.2948440545056632,-0.2645148639814239,-0.38979042654960416,
8.627256142,0.34313537544046824,-0.47210106888899656,0.22446908087945694,
8.637079476,0.22853967242268713,-0.10186880143077737,0.11828376079731484,
8.646924736,0.014280006828530478,0.6233579451911325,0.14059563656753937,
8.658550517,-0.43293987469464645,1.0962790676015755,-0.19398177321667198,
8.667814892,-0.5455494781858929,-0.22622486527298763,0.25853299573330446,
8.677245153,-0.17595040484485702,-0.9624473299625307,-0.023016743061793576,
8.687253538,0.19634323371078444,-0.11107352940581561,0.33401275301150335,
8.697243642,0.32562641344567833,-0.10418174718493084,-0.6061944911943122,
8.70997135,0.3830843293039059,-0.4664176309480179,0.32715759674181655,
8.717159684,0.22985289282544907,-0.12796789839855105,-0.10602294604404783,
8.72701359,-0.07660676807606648,0.9242593730688788,0.12970190683663674,
8.7371801,-0.38306619143839216,1.0765111037254889,-0.386571268720143,
8.747272913,-0.4443589323072079,-0.48720549041743605,0.2730130350727151,
8.760993434,-0.2175811666892722,-0.7268679976043346,-0.07272421549651575,
8.767202809,0.14771584362612122,-0.13713056560971282,0.3402154029934117,
8.777511194,0.2867244060105161,-0.01776710126096359,-0.7391382549978491,
8.787154215,0.2906711240820945,-0.45857751348252573,0.12886532983961096,
8.796922028,0.2631826512188007,8.873464374901108E-4,0.2716438996138759,
8.809998538,-0.3870466143154869,1.2265411473678876,-0.4262464342639767,
8.8169951,-0.3096372914523897,0.9965557938708727,-0.32567427143461813,
8.827205257,-0.33964718438871855,-0.6584299655044982,0.5822195245026958,
8.837404528,-0.16445752030760552,-0.7565873504706152,-0.14714018239979687,
8.846910778,0.3127978639113862,-0.23752047546926564,0.32665202033992813,
8.859269215,0.48008171687984125,-0.19001638037541252,0.3839046240844439,
8.867136038,0.29212792690963485,-0.4431480339573125,-0.0912710761230695,
8.877223017,0.24902521750427042,0.10516828128446742,0.24876353460935619,
8.887352184,-0.24514361078662272,0.988185213635362,-0.2300296996562654,
8.897538746,-0.24208361192641714,0.4840903414328869,-0.12273225581876268,
8.911884892,-0.43883309590099695,-0.5933927668698649,0.26956321878249057,
8.916989163,-0.059931547063815094,-0.4900370894724544,-0.1980670763411947,
8.927144371,0.22786681602936776,-0.10089474192098113,0.16332673443485746,
8.93720635,0.3661680599096757,-0.21862182037699485,0.43711890707913525,
8.947603382,0.18567422072437134,-0.37409503473177175,-0.3091885413288793,
8.957343225,0.19450809987661621,0.3749311708344252,0.24298119818689656,
8.968413173,-0.2734344289121837,1.0967352623091722,-0.2653013207473567,
8.976943173,-0.2034246671531843,0.2644725747383901,0.06357071098024036,
8.98734859,-0.45387466337952986,-0.753764056565184,0.03553369280762908,
8.99727833,0.1425556533600969,-0.3271991915717273,-0.032864549660146736,
9.009378434,0.3132421011182531,-0.169822049714291,-0.48597868196444516,
9.017277496,0.3425309367539775,-0.33505521820160855,0.3007472363132102,
9.026880517,0.1974103695203695,-0.20675257528760516,-0.12715123438693254,
9.037357705,0.0813138203660515,0.5700966780587953,0.09747640018576575,
9.047557705,-0.3639898525206353,1.0077014259660182,-0.5655804338064652,
9.060918486,-0.3984521092198774,0.009370803210253575,0.37497171862865564,
9.06712333,-0.3647304106730209,-0.8505851989006082,-0.11374027646426299,
9.077640465,0.1525795516190538,-0.12884414712707837,0.24611105031296532,
9.087535048,0.3365840957019812,-0.08775239404138435,-0.17086018318712703,
9.0974576,0.29991302851471,-0.39198264452693077,0.24638375286436087,
9.110235882,0.14799307158496133,-0.06841986157796554,-0.07870476528663595,
9.11693734,0.011134230064599793,0.6960857726867853,-0.0476409362527459,
9.126924059,-0.25158169828474586,0.8173577720114278,-0.49779979123852414,
9.137262288,-0.4004629370579724,-0.1275812201349984,0.6130707444017585,
9.147071507,-0.1977872464664463,-0.8375637859224518,-0.27568796624617065,
9.157437079,0.16355088443695043,0.019479105463088286,0.3310739250987673,
9.167053121,0.2687467820734861,-0.16829141808314263,-0.3174109099698139,
9.17688234,0.30693468151816394,-0.4104451404632182,0.5275387097682902,
9.186954423,0.18425624130828133,0.024070368876373593,-0.3287907179763838,
9.197193069,-0.11308418465723236,0.9999213112754153,0.05874858406615857,
9.207080361,-0.24369620285884253,0.7233225737700881,-0.3054280431474634,
9.216852288,-0.4401232640143691,-0.509267184361615,0.4298648713902331,
9.226976559,-0.12225518546076297,-0.5912884022591895,-0.2077316380440628,
9.237170152,0.193330781288372,-0.19721871581064754,0.06365782921318797,
9.246900309,0.36918498407000433,-0.17309789630879635,0.20415502313617573,
9.258993434,0.21873360737319114,-0.35299877145377545,0.010095258743316293,
9.266938225,0.17498688589855282,0.25390216653754116,0.00807620699465339,
9.277159163,-0.2430827721649469,1.0918493981775428,-0.19273642209959085,
9.288058902,-0.27108069298220183,0.4597614618632623,-0.10822050974998554,
9.297186454,-0.46203076074562466,-0.6435016224786896,0.3577869955203248,
9.309569319,-0.13978127821319908,-0.422863946756145,-0.11216517897436518,
9.317009579,0.39383036149316153,-0.016510451952950644,-0.3808675496736331,
9.327210361,0.39167885981220496,-0.30434326737748507,0.17031587847398377,
9.337151038,0.2520513932086508,-0.36605776476563556,-0.04762180893956369,
9.347454475,0.18631823859035812,0.41200677452324597,0.23771432042647334,
9.35947609,-0.4025694211211217,1.095749957544317,-0.5300044774967123,
9.367437809,-0.38334713617057914,0.1411012068849486,0.14294359207489649,
9.377852913,-0.41393793613983254,-0.6992322748532549,0.06838624573022933,
9.387153746,0.08256768392504799,-0.314219518155309,0.024063244631058467,
9.39693609,0.3265433248438958,-0.14411538732087809,-0.5630194543439817,
9.40772609,0.38381785842247984,-0.2991670123103157,0.5149263859877049,
9.416835204,0.23043971612030822,-0.3465938370516217,-0.12435955038952429,
9.427009423,0.15370602094312158,0.6114525893457479,0.3448757630086927,
9.437381663,-0.38269056730922335,1.0561090130907493,-0.44427532343093645,
9.446927704,-0.42873555702731037,0.01745112095691348,0.2881412952103286,
9.457356767,-0.3276655696452857,-0.7368607174999111,6.698965198257412E-4,
9.467208486,0.10561685382356623,-0.17577054116301483,0.2916705607705481,
9.477128121,0.4062741646689605,-0.14061643293041187,-0.1803812027507501,
9.487484579,0.35566527442315676,-0.32701364843478364,0.23876693721346243,
9.497615621,0.17727189696772472,-0.13902776788417948,-0.1767354736667297,
9.507094631,-0.04205718487943355,0.6855680994133595,0.10377763669161588,
9.51797984,-0.30945780158396685,0.9162038844379142,-0.40731068483616006,
9.527361454,-0.4620866956739118,-0.2017332568524396,0.44029601389864936,
9.538286402,-0.29305488128888535,-0.8049479925440245,-0.3372933707658454,
9.547297288,0.34782595428285656,-0.04636565874469223,-0.5609693401673645,
9.559209736,0.4008439619736486,-0.11370700224599795,0.17946320584462327,
9.567137236,0.22873772298468076,-0.3974234074303433,0.22018494455851112,
9.577369371,0.19831305436430724,0.019164879326111106,-0.02304943204850396,
9.587298121,-0.3929735685019624,1.2718089256319094,-0.2482834482266938,
9.597110413,-0.26841022687188243,0.5577604320552103,-0.2905640144407293,
9.608949319,-0.4292486359042442,-0.4118735673502166,0.6869221099806193,
9.617040048,-0.06758685504297546,-0.8198313142836157,-0.2625755017127709,
9.627057808,0.3596485488025336,-0.1195639154100468,-0.5011950449249039,
9.637296923,0.3643332189248394,-0.12629688428116248,0.34986564985109325,
9.64739984,0.2301750712336217,-0.407495313058475,0.2032781399980621,
9.657734996,0.18414005698689717,0.1949820095935032,0.04003950418595004,
9.667121506,-0.3889890904273279,1.2132650990993632,-0.41233256291100595,
9.67723734,-0.28054552038873726,0.46495667137391195,0.06852948800127301,
9.687358902,-0.4542797466942905,-0.7312828537806922,0.2693438540728934,
9.697034111,-0.010997363792200066,-0.5697033116805597,0.07756919946925223,
9.708017027,0.3589515138734667,-0.04204461650753366,-0.520214690473427,
9.716950569,0.3484527150050234,-0.2328332716362027,0.3652956853653997,
9.727472965,0.2327935440743314,-0.32417264414917213,0.12368491255013225,
9.737572913,-0.2581289495305741,1.242305160895262,0.022333550157293658,
9.747069892,-0.31376348219525996,0.9325525771262438,-0.518434581993306,
9.759115881,-0.23568781441221365,0.17909510220545063,0.167522384454184,
9.767390777,-0.28048760275657747,-0.8373889582518139,0.3638610472117847,
9.779479944,0.2965881778350212,-0.3481304373076278,-0.07666018566807331,
9.789583433,0.2985621415416986,-0.2018898745958581,-0.4290779349114118,
9.798148485,0.34610984506929654,-0.4066781537202656,0.5761109736040737,
9.807063069,0.16962774421949978,-0.4019569982264566,-0.12138050822611568,
9.817187704,-0.30866168478187084,1.2260464009305536,-0.12775015853401683,
9.826981194,-0.23160647184893435,0.9195455214707613,-0.36268978136823016,
9.837310777,-0.21593092943227243,-0.0458309967256737,0.3687326048370565,
9.846944944,-0.3566194459994314,-0.8947467342167816,0.08046582019777127,
9.857006038,0.3429429304441072,-0.22546483160255137,-0.2880542542421729,
9.867573694,0.35096881960552984,-0.1956947412586036,-0.13850614753436297,
9.87731234,0.3420665595906738,-0.371076295097337,0.42549650409165096,
9.892538225,0.16639311583660144,0.5918666527114982,0.3557200792498829,
9.897973381,-0.3265722634647521,1.0251174056881804,-0.313016862625485,
9.908548798,-0.26125781077180177,0.6362192220969312,-0.2657363660769505,
9.922028017,-0.3622351037504983,-1.007990869881049,-0.10532819808616978,
9.929497965,0.18522145374276544,-0.3620288157473684,0.635912612429502,
9.937138017,0.24011451422101904,-0.16703992557610514,-0.671132123191164,
9.947192913,0.3606435332212976,-0.2715379434592362,0.21391598723808514,
9.960116767,0.2272231319359248,-0.5083652844243715,0.2017785417435931,
9.967116662,-0.06338770081112344,0.8344619186549609,0.1154542054651877,
9.977040829,-0.3571679662824436,1.0046731401943545,-0.29070929798136547,
9.987454162,-0.3163802203465116,0.5126035824985012,-0.1559530585022788,
9.997352235,-0.4369787833633909,-0.6165508257889187,0.48815335520012937,
10.007219892,0.263332584576377,-0.49324066063113503,0.4364913120897924,
10.017335985,0.28728054291134564,-0.2873323013015389,-0.7693776595566817,
10.027499683,0.29111593823532655,-0.3218031922680378,0.2579025659581706,
10.037400308,0.24821562656482365,-0.47196300822116855,0.160353424836849,
10.047321975,-0.10788530438168609,0.8789066632778015,0.05166835998666741,
10.06383135,-0.331474449865212,0.9176457850289795,-0.4949667341298074,
10.067616298,-0.26517955989216957,0.2591070197544459,0.017745027002794345,
10.077216558,-0.503278577570718,-0.7733794242126177,0.39726792101629904,
10.092740308,0.33287585239044715,-0.40418303727964006,0.11861694911772602,
10.097544735,0.3429151571626017,-0.29270067787058707,-0.5180222427077723,
10.107127079,0.3356236296363315,-0.3567436454764013,0.3057581396716724,
10.117327496,0.20720739980281522,-0.4999153707878593,0.1067006279482765,
10.127735308,-0.20198348506497443,1.0863881036077496,0.039391874428932994,
10.13710411,-0.3148156431850362,0.9150791584996032,-0.45881929464630744,
10.147207652,-0.20588388661834145,0.14979345556478874,0.06198585456615646,
10.15707885,-0.3639046877248491,-0.9221217913915223,0.34072332720761267,
10.166973433,0.26050035718096054,-0.33930227625286635,-0.033878857765159864,
10.177538433,0.2696917896510185,-0.2714418210022931,-0.5021130044250182,
10.187195881,0.3076907829476214,-0.41635103523201034,0.30316265432131395,
10.197239996,0.13889239915472795,0.34112635255284085,-0.033281644121073484,
10.20748135,-0.22598963826288743,1.1003371775184232,0.17257207239845407,
10.217423277,-0.27272906183711654,0.7423637151745287,-0.582118275919127,
10.227451506,-0.34076635264962474,-0.0803162056185939,0.25448131310258937,
10.2370326,0.07981335144353263,-0.5392625817043096,0.11164779462269614,
10.247114319,0.32433985885868344,-0.5080245406136918,-0.07923340004403023,
10.256983589,0.2594718870869466,-0.3451280332172719,-0.30855349859967696,
10.267227183,0.2995147655289321,-0.5519144802542375,0.5193017628878369,
10.278196714,0.10170583326665139,0.523810544073435,0.13962964273214418,
10.286954162,-0.36299911817671804,1.077932781743886,-0.10281654948616037,
10.298422756,-0.30572217051793693,0.6631485992812172,-0.32742001815338106,
10.31340036,-0.397806686914838,-1.0937075476532734,0.381625539432374,
10.31830536,0.0035353320782371966,-0.3386648544220572,0.1980402997099624,
10.32719661,0.2786403193430096,-0.27093188353764575,-0.45448356223398356,
10.337278277,0.23823513145097008,-0.24739130646695745,-0.21035809002156292,
10.347608537,0.11397372527796357,-0.5656624500807925,0.24543194228938958,
10.357143485,0.41295966183247823,0.895884461016909,-0.0028518338638008345,
10.36739911,-0.14464190264461307,1.161071448970998,-0.09421872295041567,
10.377307079,-0.43749420372579784,0.3006186004075723,-0.1519901211825978,
10.387267027,-0.2887038590743882,-1.0619508413002239,0.06228317771212488,
10.397125621,0.10614056569459107,-0.40519684056642424,0.3103154337712617,
